2025-07-06T20:50:05.377210113+00:00,0.01999998
2025-07-06T20:55:05.756739837+00:00,0.01999998
2025-07-06T21:00:05.190083308+00:00,0.01999998
2025-07-06T21:05:05.568615396+00:00,0.01999998
2025-07-06T21:10:11.009221560+00:00,0.01999998
2025-07-06T21:15:05.368525090+00:00,0.01999998
2025-07-06T21:20:05.791061577+00:00,0.01999998
2025-07-06T21:25:05.228165648+00:00,0.01999998
2025-07-06T21:30:05.570654736+00:00,0.01999998
2025-07-06T21:35:05.919093024+00:00,0.01999998
2025-07-06T21:40:05.287777742+00:00,0.03000021
2025-07-06T21:45:05.622872358+00:00,0.01999998
2025-07-06T21:50:05.955095720+00:00,0.029999971
2025-07-06T21:55:05.338963469+00:00,0.029999971
2025-07-06T22:05:05.335473474+00:00,0.03
2025-07-06T22:10:05.516845871+00:00,0.020000001
2025-07-06T22:15:05.712448543+00:00,0.029999997
2025-07-06T22:20:05.115673930+00:00,0.030000001
2025-07-06T22:25:05.424786296+00:00,0.030000001
2025-07-06T22:30:05.809153675+00:00,0.019999996
2025-07-06T22:35:05.085015637+00:00,0.02000001
2025-07-06T22:40:05.337125343+00:00,0.019999996
2025-07-06T22:45:05.658750452+00:00,0.019999996
2025-07-06T22:50:06.086442482+00:00,0.010000005
2025-07-06T22:55:05.334270342+00:00,0.00999999
2025-07-06T23:00:05.560519471+00:00,0.010000005
2025-07-06T23:05:05.818308781+00:00,0.02000001
2025-07-06T23:10:05.147788940+00:00,0
2025-07-06T23:15:05.425310283+00:00,0.00999999
2025-07-06T23:20:05.760118697+00:00,0
2025-07-06T23:25:06.903119430+00:00,0.00999999
2025-07-06T23:30:06.742778448+00:00,0
2025-07-06T23:35:04.983916082+00:00,0
2025-07-06T23:40:06.675913738+00:00,0.01000002
2025-07-06T23:45:06.072244658+00:00,0
2025-07-06T23:50:05.307034252+00:00,0.00999999
2025-07-06T23:55:05.560382978+00:00,0
2025-07-07T00:00:05.836741296+00:00,0.00999999
2025-07-07T00:05:05.074553691+00:00,0
2025-07-07T00:10:05.335425831+00:00,0.01000002
2025-07-07T00:15:05.641545598+00:00,0
2025-07-07T00:20:06.074049552+00:00,0
2025-07-07T00:25:06.756922634+00:00,0.00999999
2025-07-07T00:30:05.041914694+00:00,0
2025-07-07T00:35:05.343589218+00:00,0
2025-07-07T00:40:06.644734231+00:00,0.00999999
2025-07-07T00:45:05.932694120+00:00,0.01000002
2025-07-07T00:50:05.276214331+00:00,0.00999999
2025-07-07T00:55:05.560209166+00:00,0.00999999
2025-07-07T01:00:05.837275486+00:00,0.02000001
2025-07-07T01:05:05.137492895+00:00,0.00999999
2025-07-07T01:10:05.446375237+00:00,0.00999999
2025-07-07T01:15:05.723981097+00:00,0.01000002
2025-07-07T01:20:05.161487941+00:00,0.00999999
2025-07-07T01:25:05.505086397+00:00,0.00999999
2025-07-07T01:30:05.770829152+00:00,0.01000002
2025-07-07T01:35:05.199274393+00:00,0.01999998
2025-07-07T01:40:05.478813994+00:00,0.01000002
2025-07-07T01:45:05.748209152+00:00,0.00999999
2025-07-07T01:50:05.036791345+00:00,0.00999999
2025-07-07T01:55:05.445070992+00:00,0.00999999
2025-07-07T02:00:05.677820257+00:00,0.00999999
2025-07-07T02:05:05.968039441+00:00,0
2025-07-07T02:10:05.345175020+00:00,0.01000005
2025-07-07T02:15:05.607443299+00:00,0
2025-07-07T02:20:06.025019914+00:00,0
2025-07-07T02:25:05.473344497+00:00,0.00999999
2025-07-07T02:30:05.844948305+00:00,0
2025-07-07T02:35:05.329738309+00:00,0
2025-07-07T02:40:05.517875197+00:00,0.00999999
2025-07-07T02:45:05.678001382+00:00,0
2025-07-07T02:50:05.913779644+00:00,0
2025-07-07T02:55:05.140705759+00:00,0.00999999
2025-07-07T03:00:05.363948527+00:00,0
2025-07-07T03:05:05.585415364+00:00,0
2025-07-07T03:10:05.777029984+00:00,0.00999999
2025-07-07T03:15:05.152584634+00:00,0
2025-07-07T03:20:05.503591564+00:00,0
2025-07-07T03:25:05.705488216+00:00,0.00999999
2025-07-07T03:30:04.983025769+00:00,0
2025-07-07T03:35:05.309059734+00:00,0
2025-07-07T03:40:05.601553433+00:00,0.01000005
2025-07-07T03:45:06.196391289+00:00,0.00999999
2025-07-07T03:50:05.495218401+00:00,0.00999999
2025-07-07T03:55:05.696992453+00:00,0.00999999
2025-07-07T04:00:05.189151803+00:00,0.00999999
2025-07-07T04:05:05.410650364+00:00,0.02000004
2025-07-07T04:10:05.590445846+00:00,0.00999999
2025-07-07T04:15:05.926717006+00:00,0.00999999
2025-07-07T04:20:05.450125921+00:00,0.00999999
2025-07-07T04:25:05.691734948+00:00,0.00999999
2025-07-07T04:30:05.137768716+00:00,0.00999999
2025-07-07T04:35:05.402605992+00:00,0.01000005
2025-07-07T04:40:05.829380648+00:00,0.00999999
2025-07-07T04:45:05.082110655+00:00,0.00999999
2025-07-07T04:50:05.388984639+00:00,0.00999999
2025-07-07T04:55:05.630128928+00:00,0.00999999
2025-07-07T05:00:05.901331515+00:00,0.01999999
2025-07-07T05:05:05.221828548+00:00,0
2025-07-07T05:10:05.579488665+00:00,0
2025-07-07T05:15:06.105080844+00:00,0
2025-07-07T05:20:09.099947391+00:00,0.00999999
2025-07-07T05:25:05.351503202+00:00,0
2025-07-07T05:30:05.572513445+00:00,0
2025-07-07T05:35:05.798026963+00:00,0.01000005
2025-07-07T05:40:05.453049405+00:00,0
2025-07-07T05:45:05.734446600+00:00,0
2025-07-07T05:50:02.047157318+00:00,0.00999999
2025-07-07T05:55:02.821207152+00:00,0.00999999
2025-07-07T06:00:02.360070661+00:00,0.00999999
2025-07-07T06:05:02.903765140+00:00,0.00999999
2025-07-07T06:10:02.552674687+00:00,0.01999999
2025-07-07T06:15:03.195476757+00:00,0.030000031
2025-07-07T06:20:02.808124094+00:00,0.01999998
2025-07-07T06:25:02.299796874+00:00,0.02000004
2025-07-07T06:30:03.046800252+00:00,0.00999999
2025-07-07T06:35:02.570417566+00:00,0.029999971
2025-07-07T06:40:02.225089025+00:00,0.02000004
2025-07-07T06:45:02.689777619+00:00,0.03999997
2025-07-07T06:50:02.170802198+00:00,0.01999998
2025-07-07T06:55:02.721807922+00:00,0.029999971
2025-07-07T07:00:02.210956413+00:00,0.0200001
2025-07-07T07:05:02.762084436+00:00,0.029999971
2025-07-07T07:10:02.288218687+00:00,0.029999971
2025-07-07T07:15:02.736184620+00:00,0.01999998
2025-07-07T07:20:02.416548525+00:00,0.029999971
2025-07-07T07:25:02.957462729+00:00,0.0300001
2025-07-07T07:30:02.545709031+00:00,0.089999914
2025-07-07T07:40:17.422558195+00:00,0.05000007
2025-07-07T07:45:05.961747529+00:00,0.01999998
2025-07-07T07:50:05.333478412+00:00,0.01999998
2025-07-07T07:55:05.609315464+00:00,0.00999999
2025-07-07T08:00:05.925719385+00:00,0.019999992
2025-07-07T08:05:05.314855668+00:00,0.01999998
2025-07-07T08:10:05.670168725+00:00,0.00999999
2025-07-07T08:15:05.957097493+00:00,0.01000011
2025-07-07T08:20:05.404373563+00:00,0.00999999
2025-07-07T08:25:05.931712106+00:00,0.00999999
2025-07-07T08:30:05.375551821+00:00,0.00999999
2025-07-07T08:35:05.714606193+00:00,0
2025-07-07T08:40:05.232515057+00:00,0.00999999
2025-07-07T08:45:05.841121374+00:00,0.00999999
2025-07-07T08:50:05.166541976+00:00,0.00999999
2025-07-07T08:55:05.454801973+00:00,0.00999999
2025-07-07T09:00:05.829684420+00:00,0
2025-07-07T09:05:05.306692569+00:00,0.00999999
2025-07-07T09:10:05.600945897+00:00,0.00999999
2025-07-07T09:15:05.974279077+00:00,0.019999988
2025-07-07T09:20:05.477565063+00:00,0.00999999
2025-07-07T09:25:05.844451791+00:00,0.00999999
2025-07-07T09:30:05.176000205+00:00,0.01000011
2025-07-07T09:35:05.506196337+00:00,0.01999998
2025-07-07T09:40:05.901109008+00:00,0.00999999
2025-07-07T09:45:05.253492564+00:00,0.01999998
2025-07-07T09:50:05.784603517+00:00,0.01999998
2025-07-07T09:55:05.149571326+00:00,0.01999998
2025-07-07T10:00:05.471270292+00:00,0.01999998
2025-07-07T10:05:05.861723703+00:00,0.0200001
2025-07-07T10:10:05.246700967+00:00,0.00999999
2025-07-07T10:15:05.602011652+00:00,0.01999998
2025-07-07T10:20:06.525848605+00:00,0.01999998
2025-07-07T10:25:05.939791039+00:00,0.01999998
2025-07-07T10:30:05.402147462+00:00,0.01999998
2025-07-07T10:35:05.844388136+00:00,0.00999999
2025-07-07T10:40:05.468907983+00:00,0.0200001
2025-07-07T10:45:05.825882450+00:00,0.01999998
2025-07-07T10:50:05.222664031+00:00,0.029999983
2025-07-07T10:55:05.812324928+00:00,0.059999943
2025-07-07T07:35:03.226628013+00:00,0.03000009
2025-07-07T11:00:03.163861772+00:00,0.63999987
2025-07-07T11:05:02.611090674+00:00,0.0200001
2025-07-07T11:10:02.512893489+00:00,0.00999999
2025-07-07T11:15:02.472018958+00:00,0.01999998
2025-07-07T11:20:03.200507337+00:00,0.00999999
2025-07-07T11:25:02.677058333+00:00,0.01999998
2025-07-07T11:30:02.231343934+00:00,0.00999999
2025-07-07T11:35:03.060100521+00:00,0.01999998
2025-07-07T11:40:02.673690147+00:00,0.00999999
2025-07-07T11:45:02.473417149+00:00,0.01999998
2025-07-07T11:50:02.387134559+00:00,0.00999999
2025-07-07T11:55:03.069811540+00:00,0.029999979
2025-07-07T12:00:17.115689713+00:00,0.01999998
2025-07-07T12:05:05.496692316+00:00,0.02000022
2025-07-07T12:10:05.836255447+00:00,0.00999999
2025-07-07T12:15:05.269403724+00:00,0.00999999
2025-07-07T12:20:05.720158100+00:00,0.00999999
2025-07-07T12:25:05.169700015+00:00,0.00999999
2025-07-07T12:30:05.528231932+00:00,0.01999998
2025-07-07T12:35:05.847958606+00:00,0.01999998
2025-07-07T12:40:05.181616865+00:00,0.01999998
2025-07-07T12:45:05.556640570+00:00,0.01999998
2025-07-07T12:50:06.193309013+00:00,0.029999986
2025-07-07T12:55:05.515666572+00:00,0.01999998
2025-07-07T13:00:05.876084684+00:00,0.01999998
2025-07-07T13:05:06.433352410+00:00,0.01999998
2025-07-07T13:10:05.909393593+00:00,0.01999998
2025-07-07T13:15:05.376902429+00:00,0.02000022
2025-07-07T13:20:05.884460865+00:00,0.01999998
2025-07-07T13:25:05.498675022+00:00,0.01999998
2025-07-07T13:30:06.012310930+00:00,0.029999979
2025-07-07T13:35:06.223687186+00:00,0.01999998
2025-07-07T13:40:05.598760319+00:00,0.00999999
2025-07-07T13:45:06.001819795+00:00,0.01999998
2025-07-07T13:50:05.332180985+00:00,0.01999998
2025-07-07T13:55:05.717023368+00:00,0.00999999
2025-07-07T14:00:05.141112873+00:00,0.00999999
2025-07-07T14:05:05.480352392+00:00,0.00999999
2025-07-07T14:10:05.830276134+00:00,0.029999979
2025-07-07T14:15:05.144728706+00:00,0.00999999
2025-07-07T14:20:05.684394870+00:00,0.00999999
2025-07-07T14:25:07.565069017+00:00,0.00999999
2025-07-07T14:30:06.093155183+00:00,0.00999999
2025-07-07T14:35:05.541494590+00:00,0.00999999
2025-07-07T14:40:06.057844844+00:00,0.02000022
2025-07-07T14:45:05.438866951+00:00,0.00999999
2025-07-07T14:50:06.216275375+00:00,0.00999999
2025-07-07T14:55:05.717494558+00:00,0.019999988
2025-07-07T15:00:05.295528584+00:00,0.00999999
2025-07-07T15:05:05.843377242+00:00,0.00999999
2025-07-07T15:10:05.376018351+00:00,0.00999999
2025-07-07T15:15:05.777076768+00:00,0.00999999
2025-07-07T15:20:05.306431470+00:00,0.00999999
2025-07-07T15:25:05.666526930+00:00,0
2025-07-07T15:30:03.214591092+00:00,0.01999998
2025-07-07T15:35:02.967128054+00:00,0.029999979
2025-07-07T15:40:05.378014449+00:00,0.00999999
2025-07-07T15:45:02.894270669+00:00,0.01999998
2025-07-07T15:50:02.448669215+00:00,0.01999998
2025-07-07T15:55:03.183579792+00:00,0.01999998
2025-07-07T16:00:02.833373895+00:00,0.01999998
2025-07-07T16:05:02.466751456+00:00,0.01999998
2025-07-07T16:10:03.119451458+00:00,0.02000022
2025-07-07T16:15:02.739367088+00:00,0.01999998
2025-07-07T16:20:02.447956645+00:00,0.00999999
2025-07-07T16:25:03.123038313+00:00,0.01999998
2025-07-07T16:30:04.556649425+00:00,0.01999998
2025-07-07T16:35:03.098925576+00:00,0.01999998
2025-07-07T16:40:02.690349762+00:00,0.03999996
2025-07-07T16:45:02.276733316+00:00,0.07999994
2025-07-07T16:50:02.883268462+00:00,0.13000011
2025-07-07T16:55:02.639136900+00:00,0.059999943
2025-07-07T17:00:03.013362117+00:00,0.029999971
2025-07-07T17:05:02.519963706+00:00,0.029999971
2025-07-07T17:10:03.115396277+00:00,0.029999971
2025-07-07T17:15:02.809170769+00:00,0.03000021
2025-07-07T17:20:02.726647320+00:00,0.029999971
2025-07-07T17:25:02.260855047+00:00,0.01999998
2025-07-07T17:30:03.046240878+00:00,0.029999971
2025-07-07T17:35:02.749687428+00:00,0.01999998
2025-07-07T17:40:02.492626996+00:00,0.01999998
2025-07-07T17:45:03.232486765+00:00,0.01999998
2025-07-07T17:50:02.763594911+00:00,0.029999971
2025-07-07T17:55:02.675362523+00:00,0.029999986
2025-07-07T18:00:02.237211174+00:00,0.01999998
2025-07-07T18:05:02.941971343+00:00,0.01
2025-07-07T18:10:02.653818079+00:00,0.01
2025-07-07T18:15:02.237915261+00:00,0.02
2025-07-07T18:20:02.851535499+00:00,0.010000002
2025-07-07T18:25:02.412388860+00:00,0.009999998
2025-07-07T18:30:03.001152012+00:00,0.02
2025-07-07T18:35:02.618435262+00:00,0.010000005
2025-07-07T18:40:02.247122185+00:00,0.009999998
2025-07-07T18:50:03.182521661+00:00,0.029999994
2025-07-07T18:55:17.025180648+00:00,0.010000005
2025-07-07T19:00:05.385972307+00:00,0.019999996
2025-07-07T19:05:05.792458923+00:00,0.00999999
2025-07-07T19:10:05.349813739+00:00,0.00999999
2025-07-07T19:15:06.013134152+00:00,0.010000229
2025-07-07T19:20:05.567868551+00:00,0.01999998
2025-07-07T19:25:06.040955508+00:00,0.00999999
2025-07-07T19:30:05.477060347+00:00,0.00999999
2025-07-07T19:35:05.813364692+00:00,0.00999999
2025-07-07T19:40:05.235371622+00:00,0.00999999
2025-07-07T19:45:05.648940660+00:00,0.00999999
2025-07-07T19:50:06.078086167+00:00,0.00999999
2025-07-07T19:55:05.441545891+00:00,0.01999998
2025-07-07T20:00:05.793916283+00:00,0.00999999
2025-07-07T20:05:05.282829145+00:00,0.00999999
2025-07-07T20:10:05.639718877+00:00,0.00999999
2025-07-07T20:15:06.845909095+00:00,0.00999999
2025-07-07T20:20:05.311909174+00:00,0
2025-07-07T20:25:05.648508774+00:00,0
2025-07-07T20:30:06.034834027+00:00,0.00999999
2025-07-07T20:35:05.451785387+00:00,0.00999999
2025-07-07T20:40:05.856921242+00:00,0.00999999
2025-07-07T20:45:05.290406487+00:00,0.00999999
2025-07-07T20:50:05.935687792+00:00,0.01999998
2025-07-07T20:55:05.673207728+00:00,0.00999999
2025-07-07T21:00:03.027805371+00:00,0.01999998
2025-07-07T21:05:02.678127237+00:00,0
2025-07-07T21:10:02.326987977+00:00,0.02000022
2025-07-07T21:15:02.816728464+00:00,0.01999998
2025-07-07T21:20:02.537665814+00:00,0.01999998
2025-07-07T21:25:03.030589874+00:00,0.01999998
2025-07-07T21:30:02.784461206+00:00,0.00999999
2025-07-07T21:35:02.351124406+00:00,0.01999998
2025-07-07T21:40:02.975863016+00:00,0.01999998
2025-07-07T21:45:02.585821782+00:00,0.02000022
2025-07-07T21:50:02.559678866+00:00,0.01999998
2025-07-07T21:55:02.128317804+00:00,0.01999998
2025-07-07T22:05:05.110260331+00:00,0.02
2025-07-07T22:10:05.291503224+00:00,0.02
2025-07-07T22:15:05.539723573+00:00,0.02
2025-07-07T22:20:02.916310941+00:00,0.02
2025-07-07T22:25:02.329074943+00:00,0.030000001
2025-07-07T22:30:02.733146132+00:00,0.019999996
2025-07-07T22:35:02.288049634+00:00,0.030000001
2025-07-07T22:40:02.703556600+00:00,0.030000001
2025-07-07T22:45:02.108810793+00:00,0.030000001
2025-07-07T22:50:02.545649750+00:00,0.019999996
2025-07-07T22:55:03.026102304+00:00,0.019999996
2025-07-07T23:00:02.481415427+00:00,0.02000001
2025-07-07T23:05:02.925126531+00:00,0.02000001
2025-07-07T23:10:02.355047245+00:00,0.01999998
2025-07-07T23:15:02.856328360+00:00,0.01000002
2025-07-07T23:20:02.545131037+00:00,0.01999998
2025-07-07T23:25:16.423634005+00:00,0.01000002
2025-07-07T23:30:05.701932769+00:00,0
2025-07-07T23:35:05.940293583+00:00,0.00999999
2025-07-07T23:40:05.204952426+00:00,0
2025-07-07T23:45:05.369213130+00:00,0.00999999
2025-07-07T23:50:05.532861402+00:00,0
2025-07-07T23:55:05.725968678+00:00,0.00999999
2025-07-08T00:00:05.232058945+00:00,0
2025-07-08T00:05:07.161982860+00:00,0.01000002
2025-07-08T00:10:05.452270454+00:00,0
2025-07-08T00:15:06.993956687+00:00,0
2025-07-08T00:20:05.398075962+00:00,0.00999999
2025-07-08T00:25:05.686938459+00:00,0
2025-07-08T00:30:05.843120648+00:00,0.00999999
2025-07-08T00:35:05.062507346+00:00,0
2025-07-08T00:40:05.315440928+00:00,0.01000002
2025-07-08T00:45:05.566790907+00:00,0
2025-07-08T00:50:05.801160275+00:00,0.00999999
2025-07-08T00:55:05.192202092+00:00,0.00999999
2025-07-08T01:00:05.393281053+00:00,0.01000002
2025-07-08T01:05:05.666892544+00:00,0.00999999
2025-07-08T01:10:05.890040650+00:00,0.02000001
2025-07-08T01:15:05.116986055+00:00,0.00999999
2025-07-08T01:20:05.452422969+00:00,0.00999999
2025-07-08T01:25:05.695833016+00:00,0.00999999
2025-07-08T01:30:04.988395237+00:00,0.02000004
2025-07-08T01:35:05.237827136+00:00,0.00999999
2025-07-08T01:40:05.594281922+00:00,0.00999999
2025-07-08T01:45:05.765823482+00:00,0.00999999
2025-07-08T01:50:05.938889791+00:00,0.00999999
2025-07-08T01:55:05.230274206+00:00,0.00999999
2025-07-08T02:00:05.534592844+00:00,0.01000005
2025-07-08T02:05:05.715194477+00:00,0.00999999
2025-07-08T02:10:05.858255809+00:00,0.00999999
2025-07-08T02:15:05.098547892+00:00,0.00999999
2025-07-08T02:20:07.739973868+00:00,0
2025-07-08T02:25:04.966070496+00:00,0.00999999
2025-07-08T02:30:05.091790928+00:00,0
2025-07-08T02:35:07.117451811+00:00,0
2025-07-08T02:40:05.250378959+00:00,0.00999999
2025-07-08T02:45:05.675333473+00:00,0
2025-07-08T02:50:05.888277021+00:00,0.01000005
2025-07-08T02:55:05.084283078+00:00,0
2025-07-08T03:00:05.311353403+00:00,0
2025-07-08T03:05:05.816171103+00:00,0.00999999
2025-07-08T03:10:05.073364223+00:00,0
2025-07-08T03:15:05.294025549+00:00,0
2025-07-08T03:20:05.598909365+00:00,0.00999999
2025-07-08T03:25:05.857826339+00:00,0
2025-07-08T03:30:05.171845610+00:00,0
2025-07-08T03:35:05.498765503+00:00,0.00999999
2025-07-08T03:40:05.776405306+00:00,0
2025-07-08T03:45:05.145993390+00:00,0
2025-07-08T03:50:05.371464469+00:00,0.00999999
2025-07-08T03:55:05.640206886+00:00,0.00999999
2025-07-08T04:00:05.849175881+00:00,0.01000005
2025-07-08T04:05:05.073189809+00:00,0.00999999
2025-07-08T04:10:05.391556351+00:00,0.01999998
2025-07-08T04:15:05.633061124+00:00,0.00999999
2025-07-08T04:20:06.037181398+00:00,0.00999999
2025-07-08T04:25:05.323684144+00:00,0.00999999
2025-07-08T04:30:05.619077236+00:00,0.01000005
2025-07-08T04:35:05.923449790+00:00,0.00999999
2025-07-08T04:40:05.209768055+00:00,0.00999999
2025-07-08T04:45:07.348685138+00:00,0.01999999
2025-07-08T04:50:05.601648270+00:00,0.00999999
2025-07-08T04:55:05.848295081+00:00,0.00999999
2025-07-08T05:00:05.143229799+00:00,0.01000005
2025-07-08T05:05:05.574525183+00:00,0.00999999
2025-07-08T05:10:05.840841770+00:00,0.00999999
2025-07-08T05:15:05.203705854+00:00,0
2025-07-08T05:20:05.457805940+00:00,0.00999999
2025-07-08T05:25:05.771582391+00:00,0
2025-07-08T05:30:05.159224752+00:00,0
2025-07-08T05:35:05.424978272+00:00,0.00999999
2025-07-08T05:40:05.722935557+00:00,0
2025-07-08T05:45:05.030338668+00:00,0
2025-07-08T05:50:05.313780268+00:00,0.02000004
2025-07-08T05:55:05.566259994+00:00,0.00999999
2025-07-08T06:00:05.861616260+00:00,0.00999999
2025-07-08T06:05:05.401915744+00:00,0
2025-07-08T06:10:05.711866334+00:00,0.01999999
2025-07-08T06:15:05.058165571+00:00,0
2025-07-08T06:20:05.389049859+00:00,0.00999999
2025-07-08T06:25:05.724855127+00:00,0
2025-07-08T06:30:05.169889841+00:00,0
2025-07-08T06:35:05.553992173+00:00,0.00999999
2025-07-08T06:40:05.955676851+00:00,0.01000005
2025-07-08T06:45:05.300727217+00:00,0.00999999
2025-07-08T06:50:06.735275417+00:00,0.00999999
2025-07-08T06:55:05.090690417+00:00,0.00999999
2025-07-08T07:00:05.403442040+00:00,0.00999999
2025-07-08T07:05:05.706441650+00:00,0.01999999
2025-07-08T07:10:05.128816758+00:00,0.00999999
2025-07-08T07:15:05.407207490+00:00,0.00999999
2025-07-08T07:20:05.816325753+00:00,0.00999999
2025-07-08T07:25:05.216795539+00:00,0.00999999
2025-07-08T07:30:05.580477794+00:00,0.01000011
2025-07-08T07:35:05.902968104+00:00,0.00999999
2025-07-08T07:40:05.491320927+00:00,0.00999999
2025-07-08T07:45:05.799580291+00:00,0.00999999
2025-07-08T07:50:05.394715238+00:00,0.00999999
2025-07-08T07:55:05.778307147+00:00,0.00999999
2025-07-08T08:00:05.112380101+00:00,0
2025-07-08T08:05:05.355129270+00:00,0.01
2025-07-08T08:10:05.614924900+00:00,0
2025-07-08T08:15:06.030174009+00:00,0.00999999
2025-07-08T08:20:05.485705787+00:00,0
2025-07-08T08:25:05.879342755+00:00,0
2025-07-08T08:30:05.327630101+00:00,0
2025-07-08T08:35:05.614967934+00:00,0
2025-07-08T08:40:06.005511720+00:00,0.00999999
2025-07-08T08:45:05.410383221+00:00,0
2025-07-08T08:50:05.823649445+00:00,0
2025-07-08T08:55:05.318300430+00:00,0
2025-07-08T09:00:05.643177171+00:00,0
2025-07-08T09:05:06.074565573+00:00,0.00999999
2025-07-08T09:10:05.576778912+00:00,0
2025-07-08T09:15:05.945732326+00:00,0
2025-07-08T09:20:06.576713871+00:00,0
2025-07-08T09:25:05.999330830+00:00,0.010000002
2025-07-08T09:30:05.387738460+00:00,0.00999999
2025-07-08T09:35:05.823982274+00:00,0.00999999
2025-07-08T09:40:05.235072378+00:00,0.00999999
2025-07-08T09:45:05.727386328+00:00,0
2025-07-08T09:50:05.244535962+00:00,0.01000011
2025-07-08T09:55:05.758049704+00:00,0.00999999
2025-07-08T10:00:06.188977955+00:00,0.00999999
2025-07-08T10:05:05.720948912+00:00,0.00999999
2025-07-08T10:10:06.111397951+00:00,0.00999999
2025-07-08T10:15:05.571433654+00:00,0.00999999
2025-07-08T10:20:06.097369039+00:00,0.00999999
2025-07-08T10:25:05.625574713+00:00,0.00999999
2025-07-08T10:30:06.008334926+00:00,0.00999999
2025-07-08T10:35:05.313686154+00:00,0.00999999
2025-07-08T10:40:05.918334757+00:00,0.00999999
2025-07-08T10:45:05.360383494+00:00,0.00999999
2025-07-08T10:50:05.777531869+00:00,0.00999999
2025-07-08T10:55:05.215842771+00:00,0.01000011
2025-07-08T11:00:05.927355525+00:00,0
2025-07-08T11:05:05.430336945+00:00,0.009999998
2025-07-08T11:10:05.955408708+00:00,0
2025-07-08T11:15:05.593347232+00:00,0.00999999
2025-07-08T11:20:06.036227544+00:00,0
2025-07-08T11:25:05.492686901+00:00,0
2025-07-08T11:30:05.906070398+00:00,0
2025-07-08T11:35:05.231135062+00:00,0
2025-07-08T11:40:05.682954634+00:00,0.00999999
2025-07-08T11:45:05.984047962+00:00,0
2025-07-08T11:50:05.343162531+00:00,0
2025-07-08T11:55:05.754950340+00:00,0
2025-07-08T12:00:05.126998683+00:00,0
2025-07-08T12:05:05.478824706+00:00,0.00999999
2025-07-08T12:10:06.018733463+00:00,0
2025-07-08T12:15:05.688353495+00:00,0.010000002
2025-07-08T12:20:06.140685633+00:00,0
2025-07-08T12:25:05.556281410+00:00,0
2025-07-08T12:30:06.019151452+00:00,0.00999999
2025-07-08T12:35:05.656172441+00:00,0
2025-07-08T12:40:05.962483927+00:00,0.00999999
2025-07-08T12:45:05.489307106+00:00,0.00999999
2025-07-08T12:50:05.904093209+00:00,0.01999998
2025-07-08T12:55:05.302124137+00:00,0.00999999
2025-07-08T13:00:05.811207591+00:00,0.00999999
2025-07-08T13:05:05.215326650+00:00,0.019999988
2025-07-08T13:10:05.654946625+00:00,0.01000011
2025-07-08T13:15:06.142655529+00:00,0.00999999
2025-07-08T13:20:07.877303507+00:00,0.00999999
2025-07-08T13:25:05.337035984+00:00,0.00999999
2025-07-08T13:30:05.778915606+00:00,0.00999999
2025-07-08T13:35:05.355941279+00:00,0.00999999
2025-07-08T13:40:05.764497018+00:00,0.00999999
2025-07-08T13:45:05.211882470+00:00,0.00999999
2025-07-08T13:50:05.575098498+00:00,0
2025-07-08T13:55:06.002597588+00:00,0.00999999
2025-07-08T14:00:05.684689781+00:00,0
2025-07-08T14:05:08.012386821+00:00,0.00999999
2025-07-08T14:10:05.465862988+00:00,0
2025-07-08T14:15:06.571550276+00:00,0.010000005
2025-07-08T14:20:06.151122819+00:00,0
2025-07-08T14:25:05.716667542+00:00,0
2025-07-08T14:30:05.209302235+00:00,0.00999999
2025-07-08T14:35:05.704478451+00:00,0
2025-07-08T14:40:06.223007936+00:00,0
2025-07-08T14:45:05.574758422+00:00,0
2025-07-08T14:50:05.926646970+00:00,0
2025-07-08T14:55:05.367044059+00:00,0.00999999
2025-07-08T15:00:05.836880145+00:00,0
2025-07-08T15:05:05.224151031+00:00,0
2025-07-08T15:10:08.392310794+00:00,0
2025-07-08T15:15:05.994187110+00:00,0
2025-07-08T15:20:05.445823212+00:00,0
2025-07-08T15:25:05.843909438+00:00,0.009999998
2025-07-08T15:30:05.302666881+00:00,0
2025-07-08T15:35:05.847629644+00:00,0.019999988
2025-07-08T15:40:05.476195262+00:00,0
2025-07-08T15:45:05.911313042+00:00,0.01000011
2025-07-08T15:50:05.411855562+00:00,0.00999999
2025-07-08T15:55:05.841537935+00:00,0.019999988
2025-07-08T16:00:05.218949265+00:00,0.00999999
2025-07-08T16:05:05.775196896+00:00,0.00999999
2025-07-08T16:10:05.256781830+00:00,0
2025-07-08T16:15:05.706299583+00:00,0.019999988
2025-07-08T16:20:05.418355564+00:00,0.00999999
2025-07-08T16:25:05.877225352+00:00,0.00999999
2025-07-08T16:30:05.395776380+00:00,0.00999999
2025-07-08T16:35:05.759402959+00:00,0.05000007
2025-07-08T16:40:05.210692880+00:00,0.059999943
2025-07-08T16:45:05.639132238+00:00,0.060000062
2025-07-08T16:50:03.198731845+00:00,0.089999914
2025-07-08T16:55:02.399041152+00:00,0.029999986
2025-07-08T17:00:03.124178595+00:00,0.0200001
2025-07-08T17:05:02.779671379+00:00,0.01999998
2025-07-08T17:10:02.591061049+00:00,0.029999971
2025-07-08T17:15:07.298962640+00:00,0.01999998
2025-07-08T17:20:03.053943497+00:00,0.029999986
2025-07-08T17:25:02.675157215+00:00,0.01999998
2025-07-08T17:30:02.345631483+00:00,0.01999998
2025-07-08T17:35:03.010000693+00:00,0.01999998
2025-07-08T17:40:02.645832743+00:00,0.01999998
2025-07-08T17:45:02.252391127+00:00,0.02000022
2025-07-08T17:50:02.965995276+00:00,0.029999971
2025-07-08T17:55:02.752535043+00:00,0.00999999
2025-07-08T18:00:02.619333712+00:00,0.01999998
2025-07-08T18:05:02.255291331+00:00,0.01999999
2025-07-08T18:10:02.958247894+00:00,0.03
2025-07-08T18:15:02.584906085+00:00,0.02
2025-07-08T18:20:02.321785727+00:00,0.02
2025-07-08T18:25:02.764971022+00:00,0.020000003
2025-07-08T18:30:02.388744173+00:00,0.039999984
2025-07-08T18:35:03.090563062+00:00,0.030000001
2025-07-08T18:40:02.718865235+00:00,0.030000001
2025-07-08T18:45:02.747381759+00:00,0.03999999
2025-07-08T18:50:02.491707873+00:00,0.030000001
2025-07-08T18:55:03.784638439+00:00,0.030000001
2025-07-08T19:00:02.432501260+00:00,0.030000001
2025-07-08T19:05:03.472984253+00:00,0.03999996
2025-07-08T19:10:03.422333327+00:00,0.01999998
2025-07-08T19:15:03.235814629+00:00,0.029999971
2025-07-08T19:20:02.984829099+00:00,0.029999971
2025-07-08T19:25:02.770244322+00:00,0.029999971
2025-07-08T19:30:02.387094069+00:00,0.02000022
2025-07-08T19:35:03.001726654+00:00,0.029999971
2025-07-08T19:40:02.669862487+00:00,0.01999998
2025-07-08T19:45:02.310341998+00:00,0.029999971
2025-07-08T19:50:02.924014949+00:00,0.029999971
2025-07-08T19:55:02.586244815+00:00,0.00999999
2025-07-08T20:00:02.352197351+00:00,0.01999998
2025-07-08T20:05:03.110173744+00:00,0.029999971
2025-07-08T20:10:02.781963007+00:00,0.03999996
2025-07-08T20:15:02.424880099+00:00,0.029999971
2025-07-08T20:20:03.164290659+00:00,0.0400002
2025-07-08T20:25:02.986642766+00:00,0.029999971
2025-07-08T20:30:02.647018539+00:00,0.029999971
2025-07-08T20:35:02.258829482+00:00,0.03999996
2025-07-08T20:40:02.871264710+00:00,0.029999971
2025-07-08T20:45:05.047847703+00:00,0.03999996
2025-07-08T20:50:02.635221399+00:00,0.029999971
2025-07-08T20:55:02.288969002+00:00,0.03000021
2025-07-08T21:00:17.331687476+00:00,0.03999996
2025-07-08T21:05:05.716152156+00:00,0.01999998
2025-07-08T21:10:06.198375108+00:00,0.029999971
2025-07-08T21:15:05.777067615+00:00,0.01999998
2025-07-08T21:20:05.442274962+00:00,0.01999998
2025-07-08T21:25:06.900344618+00:00,0.029999971
2025-07-08T21:30:05.707860544+00:00,0.03999996
2025-07-08T21:35:06.026894635+00:00,0.029999971
2025-07-08T21:40:05.488009681+00:00,0.03000021
2025-07-08T21:45:05.830628945+00:00,0.029999971
2025-07-08T21:50:05.231802494+00:00,0.029999971
